model,seed,raw,negative_rate,q_decrease_rate,alpha_cross_rate,symbol,target,task
state_tree,-1,True,0.0004156978792362432,0.044113295286408796,0.0,300750.SZ,depth,unseen_q
state_tree,-1,False,0.0,0.0,0.0,300750.SZ,depth,unseen_q
persistence,-1,True,0.0,0.0,0.0,300750.SZ,depth,unseen_q
persistence,-1,False,0.0,0.0,0.0,300750.SZ,depth,unseen_q
conditional_mlp,20260921,True,0.1505953639117875,0.16028323821602197,0.001014584654407102,300750.SZ,depth,unseen_q
conditional_mlp,20260921,False,0.0,0.0,0.0,300750.SZ,depth,unseen_q
conditional_mlp,20260922,True,0.1727259916860424,0.17954977805960684,0.0022123582047488197,300750.SZ,depth,unseen_q
conditional_mlp,20260922,False,0.0,0.0,0.0,300750.SZ,depth,unseen_q
conditional_mlp,20260923,True,0.15367434650884237,0.1701543014161911,0.0019728034946804762,300750.SZ,depth,unseen_q
conditional_mlp,20260923,False,0.0,0.0,0.0,300750.SZ,depth,unseen_q
deeponet,20260921,True,0.06403861058268161,0.08620798985415346,0.0,300750.SZ,depth,unseen_q
deeponet,20260921,False,0.0,0.0,0.0,300750.SZ,depth,unseen_q
deeponet,20260922,True,0.07376875924751639,0.15786303107165503,0.0,300750.SZ,depth,unseen_q
deeponet,20260922,False,0.0,0.0,0.0,300750.SZ,depth,unseen_q
deeponet,20260923,True,0.07272599168604242,0.12883111392940183,0.0,300750.SZ,depth,unseen_q
deeponet,20260923,False,0.0,0.0,0.0,300750.SZ,depth,unseen_q
state_tree_linear,-1,True,0.0008173043049390545,0.002029169308814204,0.0,300750.SZ,depth,unseen_q
state_tree_linear,-1,False,0.0,0.0,0.0,300750.SZ,depth,unseen_q
state_tree_residual_linear,-1,True,0.006475022898611992,0.03329105897273304,0.0,300750.SZ,depth,unseen_q
state_tree_residual_linear,-1,False,0.0,0.0,0.0,300750.SZ,depth,unseen_q
conditional_mlp_linear,20260921,True,0.0604664271119566,0.013189600507292327,0.001014584654407102,300750.SZ,depth,unseen_q
conditional_mlp_linear,20260921,False,0.0,0.0,0.0,300750.SZ,depth,unseen_q
conditional_mlp_residual_linear,20260921,True,0.07172549848516875,0.060050729232720354,0.001014584654407102,300750.SZ,depth,unseen_q
conditional_mlp_residual_linear,20260921,False,0.0,0.0,0.0,300750.SZ,depth,unseen_q
conditional_mlp_linear,20260922,True,0.06957655182132037,0.0035721834707250055,0.0022123582047488197,300750.SZ,depth,unseen_q
conditional_mlp_linear,20260922,False,0.0,0.0,0.0,300750.SZ,depth,unseen_q
conditional_mlp_residual_linear,20260922,True,0.07944056929472275,0.04760093003593321,0.0022123582047488197,300750.SZ,depth,unseen_q
conditional_mlp_residual_linear,20260922,False,0.0,0.0,0.0,300750.SZ,depth,unseen_q
conditional_mlp_linear,20260923,True,0.06088917071795956,0.00818008877615726,0.0019446205876136123,300750.SZ,depth,unseen_q
conditional_mlp_linear,20260923,False,0.0,0.0,0.0,300750.SZ,depth,unseen_q
conditional_mlp_residual_linear,20260923,True,0.07112661170999789,0.05192348340731347,0.0019446205876136123,300750.SZ,depth,unseen_q
conditional_mlp_residual_linear,20260923,False,0.0,0.0,0.0,300750.SZ,depth,unseen_q
deeponet_linear,20260921,True,0.046861128725428025,0.03470725005284295,0.0,300750.SZ,depth,unseen_q
deeponet_linear,20260921,False,0.0,0.0,0.0,300750.SZ,depth,unseen_q
deeponet_residual_linear,20260921,True,0.059240470654548016,0.07767913760304375,0.0,300750.SZ,depth,unseen_q
deeponet_residual_linear,20260921,False,0.0,0.0,0.0,300750.SZ,depth,unseen_q
deeponet_linear,20260922,True,0.07447333192418798,0.02134855210314944,0.0,300750.SZ,depth,unseen_q
deeponet_linear,20260922,False,0.0,0.0,0.0,300750.SZ,depth,unseen_q
deeponet_residual_linear,20260922,True,0.0849714648065948,0.06244979919678715,0.0,300750.SZ,depth,unseen_q
deeponet_residual_linear,20260922,False,0.0,0.0,0.0,300750.SZ,depth,unseen_q
deeponet_linear,20260923,True,0.024899598393574297,0.03536250264214754,0.0,300750.SZ,depth,unseen_q
deeponet_linear,20260923,False,0.0,0.0,0.0,300750.SZ,depth,unseen_q
deeponet_residual_linear,20260923,True,0.0364475445642218,0.07665398435848658,0.0,300750.SZ,depth,unseen_q
deeponet_residual_linear,20260923,False,0.0,0.0,0.0,300750.SZ,depth,unseen_q
